{"cameraMode":{"drawMode":0,"name":"Shaded","section":"Shading Mode"},"sceneLighting":true,"audioPlay":false,"sceneViewState":{"m_AlwaysRefresh":false,"showFog":true,"showSkybox":true,"showFlares":true,"showImageEffects":true,"showParticleSystems":true,"showVisualEffectGraphs":true,"m_FxEnabled":true},"in2DMode":false,"pivot":{"x":-263.00958251953127,"y":-30.068126678466798,"z":282.7298583984375},"rotation":{"x":0.04020607843995094,"y":-0.38065940141677859,"z":0.01656920462846756,"w":0.9236949682235718},"size":217.9370880126953,"orthographic":false}